0,0,13824,19808,0,0,4,0
0,17,13836,19807,0,0,4,0
0,34,13848,19805,0,0,4,0
0,51,13860,19804,0,0,4,1
0,68,13873,19803,0,0,4,1
0,85,13885,19801,0,0,4,1
0,102,13897,19800,0,0,4,2
0,119,13909,19799,0,0,4,2
0,136,13921,19797,0,0,4,2
0,153,13933,19796,0,0,4,3
0,170,13945,19794,0,0,4,3
0,187,13958,19793,0,0,4,3
0,204,13970,19792,0,0,4,4
0,221,13982,19790,0,0,4,4
0,238,13994,19789,0,0,4,4
0,255,14006,19788,0,0,4,5
0,272,14018,19786,0,0,4,5
0,289,14030,19785,0,0,4,5
0,306,14043,19784,0,0,4,0
0,323,14055,19782,0,0,4,0
0,340,14067,19781,0,0,4,0
0,357,14079,19780,0,0,4,1
0,374,14091,19778,0,0,4,1
0,391,14112,19776,1,0,4,0
1,0,13824,19808,0,0,4,0
1,17,13836,19807,0,0,4,0
1,34,13848,19805,0,0,4,0
1,51,13860,19804,0,0,4,1
1,68,13873,19803,0,0,4,1
1,85,13885,19801,0,0,4,1
1,102,13897,19800,0,0,4,2
1,119,13909,19799,0,0,4,2
1,136,13921,19797,0,0,4,2
1,153,13933,19796,0,0,4,3
1,170,13945,19794,0,0,4,3
1,187,13958,19793,0,0,4,3
1,204,13970,19792,0,0,4,4
1,221,13982,19790,0,0,4,4
1,238,13994,19789,0,0,4,4
1,255,14006,19788,0,0,4,5
1,272,14018,19787,0,0,4,5
1,289,14030,19786,0,0,4,5
1,306,14043,19784,0,0,4,0
1,323,14055,19783,0,0,4,0
1,340,14067,19782,0,0,4,0
1,357,14079,19781,0,0,4,1
1,374,14091,19780,0,0,4,1
1,391,14103,19779,0,0,4,1
1,408,14208,19808,1,0,4,0
2,0,13824,19808,0,0,4,0
2,17,13836,19808,0,0,4,0
2,34,13848,19808,0,0,4,0
2,51,13860,19808,0,0,4,1
2,68,13873,19808,0,0,4,1
2,85,13885,19808,0,0,4,1
2,102,13897,19808,0,0,4,2
2,119,13909,19808,0,0,4,2
2,136,13921,19808,0,0,4,2
2,153,13933,19808,0,0,4,3
2,170,13945,19808,0,0,4,3
2,187,13958,19808,0,0,4,3
2,204,13680,19808,1,0,4,0
3,0,13824,19808,0,0,4,0
3,17,13836,19807,0,0,4,0
3,34,13848,19805,0,0,4,0
3,51,13860,19804,0,0,4,1
3,68,13873,19803,0,0,4,1
3,85,13885,19801,0,0,4,1
3,102,13897,19800,0,0,4,2
3,119,13909,19799,0,0,4,2
3,136,13921,19797,0,0,4,2
3,153,13933,19796,0,0,4,3
3,170,13945,19794,0,0,4,3
3,187,13958,19793,0,0,4,3
3,204,13833,19807,0,0,4,4
3,221,13843,19806,0,0,4,4
3,238,13852,19805,0,0,4,4
3,255,13862,19804,0,0,4,5
3,272,13871,19803,0,0,4,5
3,289,13881,19802,0,0,4,5
3,306,13890,19801,0,0,4,0
3,323,13900,19800,0,0,4,0
3,340,13909,19799,0,0,4,0
3,357,13918,19798,0,0,4,1
3,374,13928,19797,0,0,4,1
3,391,13937,19796,0,0,4,1
3,408,13947,19794,0,0,4,2
3,425,13956,19793,0,0,4,2
3,442,13966,19792,0,0,4,2
3,459,13975,19791,0,0,4,3
3,476,13985,19790,0,0,4,3
3,493,13994,19789,0,0,4,3
3,510,14003,19788,0,0,4,4
3,527,14013,19787,0,0,4,4
3,544,14022,19786,0,0,4,4
3,561,14032,19785,0,0,4,5
3,578,14041,19784,0,0,4,5
3,595,14051,19783,0,0,4,5
3,612,14060,19782,0,0,4,0
3,629,14070,19781,0,0,4,0
3,646,14079,19780,0,0,4,0
3,663,14088,19779,0,0,4,1
3,680,14098,19778,0,0,4,1
3,697,14107,19777,0,0,4,1
3,714,14117,19776,0,0,4,2
3,731,14126,19775,0,0,4,2
3,748,14136,19774,0,0,4,2
3,765,14145,19773,0,0,4,3
3,782,14155,19772,0,0,4,3
3,799,14164,19771,0,0,4,3
3,816,14173,19770,0,0,4,4
3,833,14183,19769,0,0,4,4
3,850,14192,19767,0,0,4,4
3,867,14202,19766,0,0,4,5
3,884,14211,19765,0,0,4,5
3,901,14221,19764,0,0,4,5
3,918,14230,19763,0,0,4,0
3,935,14240,19762,0,0,4,0
3,952,14249,19761,0,0,4,0
3,969,14258,19760,0,0,4,1
3,986,14268,19759,0,0,4,1
3,1003,14277,19758,0,0,4,1
3,1020,14287,19757,0,0,4,2
3,1037,14296,19756,0,0,4,2
3,1054,14306,19755,0,0,4,2
3,1071,14315,19754,0,0,4,3
3,1088,14325,19753,0,0,4,3
3,1105,14334,19752,0,0,4,3
3,1122,14343,19751,0,0,4,4
3,1139,14353,19750,0,0,4,4
3,1156,14362,19749,0,0,4,4
3,1173,14372,19748,0,0,4,5
3,1190,14381,19747,0,0,4,5
3,1207,14391,19746,0,0,4,5
3,1224,14400,19745,0,0,4,0
3,1241,14410,19744,0,0,4,0
3,1258,14419,19743,0,0,4,0
3,1275,14428,19742,0,0,4,1
3,1292,14438,19740,0,0,4,1
3,1309,14447,19739,0,0,4,1
3,1326,14457,19738,0,0,4,2
3,1343,14466,19737,0,0,4,2
3,1360,14476,19736,0,0,4,2
3,1377,14485,19735,0,0,4,3
3,1394,14495,19734,0,0,4,3
3,1411,14504,19733,0,0,4,3
3,1428,14513,19732,0,0,4,4
3,1445,14523,19731,0,0,4,4
3,1462,14532,19730,0,0,4,4
3,1479,14542,19729,0,0,4,5
3,1496,14551,19728,0,0,4,5
3,1513,14561,19727,0,0,4,5
3,1530,14570,19726,0,0,4,0
3,1547,14580,19725,0,0,4,0
3,1564,14589,19724,0,0,4,0
3,1581,14598,19723,0,0,4,1
3,1598,14608,19722,0,0,4,1
3,1615,14617,19721,0,0,4,1
3,1632,14627,19720,0,0,4,2
3,1649,14636,19719,0,0,4,2
3,1666,14646,19718,0,0,4,2
3,1683,14655,19717,0,0,4,3
3,1700,14665,19716,0,0,4,3
3,1717,14674,19714,0,0,4,3
3,1734,14683,19713,0,0,4,4
3,1751,14693,19712,0,0,4,4
3,1768,14702,19711,0,0,4,4
3,1785,14712,19710,0,0,4,5
3,1802,14721,19709,0,0,4,5
3,1819,14731,19708,0,0,4,5
3,1836,14740,19707,0,0,4,0
3,1853,14750,19706,0,0,4,0
3,1870,14759,19705,0,0,4,0
3,1887,14768,19704,0,0,4,1
3,1904,14778,19703,0,0,4,1
3,1921,14787,19702,0,0,4,1
3,1938,14797,19701,0,0,4,2
3,1955,14806,19700,0,0,4,2
3,1972,14816,19699,0,0,4,2
3,1989,14825,19698,0,0,4,3
3,2006,14835,19697,0,0,4,3
3,2023,14844,19696,0,0,4,3
3,2040,14853,19695,0,0,4,4
3,2057,14863,19694,0,0,4,4
3,2074,14872,19693,0,0,4,4
3,2091,14882,19692,0,0,4,5
3,2108,14891,19691,0,0,4,5
3,2125,14901,19690,0,0,4,5
3,2142,14910,19689,0,0,4,0
3,2159,14920,19687,0,0,4,0
3,2176,14929,19686,0,0,4,0
3,2193,14938,19685,0,0,4,1
3,2210,14948,19684,0,0,4,1
3,2227,14957,19683,0,0,4,1
3,2244,14967,19682,0,0,4,2
3,2261,14976,19681,0,0,4,2
3,2278,14986,19680,0,0,4,2
3,2295,14995,19679,0,0,4,3
3,2312,15005,19678,0,0,4,3
3,2329,15014,19677,0,0,4,3
3,2346,15023,19676,0,0,4,4
3,2363,15033,19675,0,0,4,4
3,2380,15042,19674,0,0,4,4
3,2397,15052,19673,0,0,4,5
3,2414,15061,19672,0,0,4,5
3,2431,15071,19671,0,0,4,5
3,2448,15080,19670,0,0,4,0
3,2465,15090,19669,0,0,4,0
3,2482,15099,19668,0,0,4,0
3,2499,15108,19667,0,0,4,1
3,2516,15118,19666,0,0,4,1
3,2533,15127,19665,0,0,4,1
3,2550,15137,19664,0,0,4,2
3,2567,15146,19663,0,0,4,2
3,2584,15156,19662,0,0,4,2
3,2601,15165,19660,0,0,4,3
3,2618,15175,19659,0,0,4,3
3,2635,15184,19658,0,0,4,3
3,2652,15193,19657,0,0,4,4
3,2669,15203,19656,0,0,4,4
3,2686,15212,19655,0,0,4,4
3,2703,15222,19654,0,0,4,5
3,2720,15231,19653,0,0,4,5
3,2737,15241,19652,0,0,4,5
3,2754,15250,19651,0,0,4,0
3,2771,15260,19650,0,0,4,0
3,2788,15269,19649,0,0,4,0
3,2805,15278,19648,0,0,4,1
3,2822,15288,19647,0,0,4,1
3,2839,15297,19646,0,0,4,1
3,2856,15307,19645,0,0,4,2
3,2873,15316,19644,0,0,4,2
3,2890,15326,19643,0,0,4,2
3,2907,15335,19642,0,0,4,3
3,2924,15345,19641,0,0,4,3
3,2941,15354,19640,0,0,4,3
3,2958,15363,19639,0,0,4,4
3,2975,15373,19638,0,0,4,4
3,2992,15382,19637,0,0,4,4
3,3009,15392,19636,0,0,4,5
3,3026,15401,19635,0,0,4,5
3,3043,15411,19633,0,0,4,5
3,3060,15420,19632,0,0,4,0
3,3077,15430,19631,0,0,4,0
3,3094,15439,19630,0,0,4,0
3,3111,15448,19629,0,0,4,1
3,3128,15458,19628,0,0,4,1
3,3145,15467,19627,0,0,4,1
3,3162,15477,19626,0,0,4,2
3,3179,15486,19625,0,0,4,2
3,3196,15496,19624,0,0,4,2
3,3213,15505,19623,0,0,4,3
3,3230,15515,19622,0,0,4,3
3,3247,15524,19621,0,0,4,3
3,3264,15533,19620,0,0,4,4
3,3281,15543,19619,0,0,4,4
3,3298,15552,19618,0,0,4,4
3,3315,15562,19617,0,0,4,5
3,3332,15571,19616,0,0,4,5
3,3349,15581,19615,0,0,4,5
3,3366,15590,19614,0,0,4,0
3,3383,15600,19613,0,0,4,0
3,3400,15609,19612,0,0,4,0
3,3417,15618,19611,0,0,4,1
3,3434,15628,19610,0,0,4,1
3,3451,15637,19609,0,0,4,1
3,3468,15647,19607,0,0,4,2
3,3485,15656,19606,0,0,4,2
3,3502,15666,19605,0,0,4,2
3,3519,15675,19604,0,0,4,3
3,3536,15685,19603,0,0,4,3
3,3553,15694,19602,0,0,4,3
3,3570,15703,19601,0,0,4,4
3,3587,15713,19600,0,0,4,4
3,3604,15722,19599,0,0,4,4
3,3621,15732,19598,0,0,4,5
3,3638,15741,19597,0,0,4,5
3,3655,15751,19596,0,0,4,5
3,3672,15760,19595,0,0,4,0
3,3689,15770,19594,0,0,4,0
3,3706,15779,19593,0,0,4,0
3,3723,15788,19592,0,0,4,1
3,3740,15798,19591,0,0,4,1
3,3757,15807,19590,0,0,4,1
3,3774,15817,19589,0,0,4,2
3,3791,15826,19588,0,0,4,2
3,3808,15836,19587,0,0,4,2
3,3825,15845,19586,0,0,4,3
3,3842,15855,19585,0,0,4,3
3,3859,15864,19584,0,0,4,3
3,3876,15873,19583,0,0,4,4
3,3893,15883,19582,0,0,4,4
3,3910,15892,19580,0,0,4,4
3,3927,15902,19579,0,0,4,5
3,3944,15911,19578,0,0,4,5
3,3961,15921,19577,0,0,4,5
3,3978,15930,19576,0,0,4,0
3,3995,15940,19575,0,0,4,0
3,4012,15949,19574,0,0,4,0
3,4029,15958,19573,0,0,4,1
3,4046,15968,19572,0,0,4,1
3,4063,15977,19571,0,0,4,1
3,4080,15987,19570,0,0,4,2
3,4097,15996,19569,0,0,4,2
3,4114,16006,19568,0,0,4,2
3,4131,16015,19567,0,0,4,3
3,4148,16025,19566,0,0,4,3
3,4165,16034,19565,0,0,4,3
3,4182,16043,19564,0,0,4,4
3,4199,16053,19563,0,0,4,4
3,4216,16062,19562,0,0,4,4
3,4233,16072,19561,0,0,4,5
3,4250,16081,19560,0,0,4,5
3,4267,16091,19559,0,0,4,5
3,4284,16100,19558,0,0,4,0
3,4301,16110,19557,0,0,4,0
3,4318,16119,19556,0,0,4,0
3,4335,16128,19555,0,0,4,1
3,4352,16138,19553,0,0,4,1
3,4369,16147,19552,0,0,4,1
3,4386,16157,19551,0,0,4,2
3,4403,16166,19550,0,0,4,2
3,4420,16176,19549,0,0,4,2
3,4437,16185,19548,0,0,4,3
3,4454,16195,19547,0,0,4,3
3,4471,16204,19546,0,0,4,3
3,4488,16213,19545,0,0,4,4
3,4505,16223,19544,0,0,4,4
3,4522,16232,19543,0,0,4,4
3,4539,16242,19542,0,0,4,5
3,4556,16251,19541,0,0,4,5
3,4573,16261,19540,0,0,4,5
3,4590,16270,19539,0,0,4,0
3,4607,16280,19538,0,0,4,0
3,4624,16289,19537,0,0,4,0
3,4641,16298,19536,0,0,4,1
3,4658,16308,19535,0,0,4,1
3,4675,16317,19534,0,0,4,1
3,4692,16327,19533,0,0,4,2
3,4709,16336,19532,0,0,4,2
3,4726,16346,19531,0,0,4,2
3,4743,16355,19530,0,0,4,3
3,4760,16365,19529,0,0,4,3
3,4777,16374,19528,0,0,4,3
3,4794,16383,19526,0,0,4,4
3,4811,16393,19525,0,0,4,4
3,4828,16402,19524,0,0,4,4
3,4845,16412,19523,0,0,4,5
3,4862,16421,19522,0,0,4,5
3,4879,16431,19521,0,0,4,5
3,4896,16440,19520,0,0,4,0
3,4913,16450,19519,0,0,4,0
3,4930,16459,19518,0,0,4,0
3,4947,16468,19517,0,0,4,1
3,4964,16478,19516,0,0,4,1
3,4981,16487,19515,0,0,4,1
3,4998,16497,19514,0,0,4,2
3,5015,16506,19513,0,0,4,2
3,5032,16516,19512,0,0,4,2
3,5049,16525,19511,0,0,4,3
3,5066,16535,19510,0,0,4,3
3,5083,16544,19509,0,0,4,3
3,5100,16553,19508,0,0,4,4
3,5117,16563,19507,0,0,4,4
3,5134,16572,19506,0,0,4,4
3,5151,16582,19505,0,0,4,5
3,5168,16591,19504,0,0,4,5
3,5185,16601,19503,0,0,4,5
3,5202,16610,19502,0,0,4,0
3,5219,16620,19500,0,0,4,0
3,5236,16629,19499,0,0,4,0
3,5253,16638,19498,0,0,4,1
3,5270,16648,19497,0,0,4,1
3,5287,16657,19496,0,0,4,1
3,5304,16667,19495,0,0,4,2
3,5321,16676,19494,0,0,4,2
3,5338,16686,19493,0,0,4,2
3,5355,16695,19492,0,0,4,3
3,5372,16705,19491,0,0,4,3
3,5389,16714,19490,0,0,4,3
3,5406,16723,19489,0,0,4,4
3,5423,16733,19488,0,0,4,4
3,5440,16742,19487,0,0,4,4
3,5457,16752,19486,0,0,4,5
3,5474,16761,19485,0,0,4,5
3,5491,16771,19484,0,0,4,5
3,5508,16780,19483,0,0,4,0
3,5525,16790,19482,0,0,4,0
3,5542,16799,19481,0,0,4,0
3,5559,16808,19480,0,0,4,1
3,5576,16818,19479,0,0,4,1
3,5593,16827,19478,0,0,4,1
3,5610,16837,19477,0,0,4,2
3,5627,16846,19476,0,0,4,2
3,5644,16856,19475,0,0,4,2
3,5661,16865,19473,0,0,4,3
3,5678,16875,19472,0,0,4,3
3,5695,16884,19471,0,0,4,3
3,5712,16893,19470,0,0,4,4
3,5729,16903,19469,0,0,4,4
3,5746,16912,19468,0,0,4,4
3,5763,16922,19467,0,0,4,5
3,5780,16931,19466,0,0,4,5
3,5797,16941,19465,0,0,4,5
3,5814,16950,19464,0,0,4,0
3,5831,16960,19463,0,0,4,0
3,5848,16969,19462,0,0,4,0
3,5865,16978,19461,0,0,4,1
3,5882,16988,19460,0,0,4,1
3,5899,16997,19459,0,0,4,1
3,5916,17007,19458,0,0,4,2
3,5933,17016,19457,0,0,4,2
3,5950,17026,19456,0,0,4,2
3,5967,17035,19455,0,0,4,3
3,5984,17045,19454,0,0,4,3
3,6001,17054,19453,0,0,4,3
3,6018,17063,19452,0,0,4,4
3,6035,17073,19451,0,0,4,4
3,6052,17082,19450,0,0,4,4
3,6069,17092,19449,0,0,4,5
3,6086,17101,19448,0,0,4,5
3,6103,17111,19446,0,0,4,5
3,6120,17120,19445,0,0,4,0
3,6137,17130,19444,0,0,4,0
3,6154,17139,19443,0,0,4,0
3,6171,17148,19442,0,0,4,1
3,6188,17158,19441,0,0,4,1
3,6205,17167,19440,0,0,4,1
3,6222,17177,19439,0,0,4,2
3,6239,17186,19438,0,0,4,2
3,6256,17196,19437,0,0,4,2
3,6273,17205,19436,0,0,4,3
3,6290,17215,19435,0,0,4,3
3,6307,17224,19434,0,0,4,3
3,6324,17233,19433,0,0,4,4
3,6341,17243,19432,0,0,4,4
3,6358,17252,19431,0,0,4,4
3,6375,17262,19430,0,0,4,5
3,6392,17271,19429,0,0,4,5
3,6409,17281,19428,0,0,4,5
3,6426,17290,19427,0,0,4,0
3,6443,17300,19426,0,0,4,0
3,6460,17309,19425,0,0,4,0
3,6477,17318,19424,0,0,4,1
3,6494,17328,19423,0,0,4,1
3,6511,17337,19422,0,0,4,1
3,6528,17347,19420,0,0,4,2
3,6545,17356,19419,0,0,4,2
3,6562,17366,19418,0,0,4,2
3,6579,17375,19417,0,0,4,3
3,6596,17385,19416,0,0,4,3
3,6613,17394,19415,0,0,4,3
3,6630,17403,19414,0,0,4,4
3,6647,17413,19413,0,0,4,4
3,6664,17422,19412,0,0,4,4
3,6681,17432,19411,0,0,4,5
3,6698,17441,19410,0,0,4,5
3,6715,17451,19409,0,0,4,5
3,6732,17460,19408,0,0,4,0
3,6749,17470,19407,0,0,4,0
3,6766,17479,19406,0,0,4,0
3,6783,17488,19405,0,0,4,1
3,6800,17498,19404,0,0,4,1
3,6817,17507,19403,0,0,4,1
3,6834,17517,19402,0,0,4,2
3,6851,17526,19401,0,0,4,2
3,6868,17536,19400,0,0,4,2
3,6885,17545,19399,0,0,4,3
3,6902,17555,19398,0,0,4,3
3,6919,17564,19397,0,0,4,3
3,6936,17573,19396,0,0,4,4
3,6953,17583,19395,0,0,4,4
3,6970,17592,19393,0,0,4,4
3,6987,17602,19392,0,0,4,5
3,7004,17611,19391,0,0,4,5
3,7021,17621,19390,0,0,4,5
3,7038,17630,19389,0,0,4,0
3,7055,17640,19388,0,0,4,0
3,7072,17649,19387,0,0,4,0
3,7089,17658,19386,0,0,4,1
3,7106,17668,19385,0,0,4,1
3,7123,17677,19384,0,0,4,1
3,7140,17687,19383,0,0,4,2
3,7157,17696,19382,0,0,4,2
3,7174,17706,19381,0,0,4,2
3,7191,17715,19380,0,0,4,3
3,7208,17725,19379,0,0,4,3
3,7225,17734,19378,0,0,4,3
3,7242,17743,19377,0,0,4,4
3,7259,17753,19376,0,0,4,4
3,7276,17762,19375,0,0,4,4
3,7293,17772,19374,0,0,4,5
3,7310,17781,19373,0,0,4,5
3,7327,17791,19372,0,0,4,5
3,7344,17800,19371,0,0,4,0
3,7361,17810,19370,0,0,4,0
3,7378,17819,19369,0,0,4,0
3,7395,17828,19368,0,0,4,1
3,7412,17838,19366,0,0,4,1
3,7429,17847,19365,0,0,4,1
3,7446,17857,19364,0,0,4,2
3,7463,17866,19363,0,0,4,2
3,7480,17876,19362,0,0,4,2
3,7497,17885,19361,0,0,4,3
3,7514,17895,19360,0,0,4,3
3,7531,17904,19359,0,0,4,3
3,7548,17913,19358,0,0,4,4
3,7565,17923,19357,0,0,4,4
3,7582,17932,19356,0,0,4,4
3,7599,17942,19355,0,0,4,5
3,7616,17951,19354,0,0,4,5
3,7633,17961,19353,0,0,4,5
3,7650,17970,19352,0,0,4,0
3,7667,17980,19351,0,0,4,0
3,7684,17989,19350,0,0,4,0
3,7701,17998,19349,0,0,4,1
3,7718,18008,19348,0,0,4,1
3,7735,18017,19347,0,0,4,1
3,7752,18027,19346,0,0,4,2
3,7769,18036,19345,0,0,4,2
3,7786,18046,19344,0,0,4,2
3,7803,18055,19343,0,0,4,3
3,7820,18065,19342,0,0,4,3
3,7837,18074,19340,0,0,4,3
3,7854,18083,19339,0,0,4,4
3,7871,18093,19338,0,0,4,4
3,7888,18102,19337,0,0,4,4
3,7905,18112,19336,0,0,4,5
3,7922,18121,19335,0,0,4,5
3,7939,18131,19334,0,0,4,5
3,7956,18140,19333,0,0,4,0
3,7973,18150,19332,0,0,4,0
3,7990,18159,19331,0,0,4,0
3,8007,18168,19330,0,0,4,1
3,8024,18178,19329,0,0,4,1
3,8041,18187,19328,0,0,4,1
3,8058,18197,19327,0,0,4,2
3,8075,18206,19326,0,0,4,2
3,8092,18216,19325,0,0,4,2
3,8109,18225,19324,0,0,4,3
3,8126,18235,19323,0,0,4,3
3,8143,18244,19322,0,0,4,3
3,8160,18253,19321,0,0,4,4
3,8177,18263,19320,0,0,4,4
3,8194,18272,19319,0,0,4,4
3,8211,18282,19318,0,0,4,5
3,8228,18291,19317,0,0,4,5
3,8245,18301,19316,0,0,4,5
3,8262,18310,19315,0,0,4,0
3,8279,18320,19313,0,0,4,0
3,8296,18329,19312,0,0,4,0
3,8313,18338,19311,0,0,4,1
3,8330,18348,19310,0,0,4,1
3,8347,18357,19309,0,0,4,1
3,8364,18367,19308,0,0,4,2
3,8381,18376,19307,0,0,4,2
3,8398,18386,19306,0,0,4,2
3,8415,18395,19305,0,0,4,3
3,8432,18405,19304,0,0,4,3
3,8449,18414,19303,0,0,4,3
3,8466,18423,19302,0,0,4,4
3,8483,18433,19301,0,0,4,4
3,8500,18442,19300,0,0,4,4
3,8517,18452,19299,0,0,4,5
3,8534,18461,19298,0,0,4,5
3,8551,18471,19297,0,0,4,5
3,8568,18480,19296,0,0,4,0
3,8585,18490,19295,0,0,4,0
3,8602,18499,19294,0,0,4,0
3,8619,18508,19293,0,0,4,1
3,8636,18518,19292,0,0,4,1
3,8653,18527,19291,0,0,4,1
3,8670,18537,19290,0,0,4,2
3,8687,18546,19289,0,0,4,2
3,8704,18556,19288,0,0,4,2
3,8721,18565,19286,0,0,4,3
3,8738,18575,19285,0,0,4,3
3,8755,18584,19284,0,0,4,3
3,8772,18593,19283,0,0,4,4
3,8789,18603,19282,0,0,4,4
3,8806,18612,19281,0,0,4,4
3,8823,18622,19280,0,0,4,5
3,8840,18631,19279,0,0,4,5
3,8857,18641,19278,0,0,4,5
3,8874,18650,19277,0,0,4,0
3,8891,18660,19276,0,0,4,0
3,8908,18669,19275,0,0,4,0
3,8925,18678,19274,0,0,4,1
3,8942,18688,19273,0,0,4,1
3,8959,18697,19272,0,0,4,1
3,8976,18707,19271,0,0,4,2
3,8993,18716,19270,0,0,4,2
3,9010,18726,19269,0,0,4,2
3,9027,18735,19268,0,0,4,3
3,9044,18745,19267,0,0,4,3
3,9061,18754,19266,0,0,4,3
3,9078,18763,19265,0,0,4,4
3,9095,18773,19264,0,0,4,4
3,9112,18782,19263,0,0,4,4
3,9129,18792,19262,0,0,4,5
3,9146,18801,19261,0,0,4,5
3,9163,18811,19259,0,0,4,5
3,9180,18820,19258,0,0,4,0
3,9197,18830,19257,0,0,4,0
3,9214,18839,19256,0,0,4,0
3,9231,18848,19255,0,0,4,1
3,9248,18858,19254,0,0,4,1
3,9265,18867,19253,0,0,4,1
3,9282,18877,19252,0,0,4,2
3,9299,18886,19251,0,0,4,2
3,9316,18896,19250,0,0,4,2
3,9333,18905,19249,0,0,4,3
3,9350,18915,19248,0,0,4,3
3,9367,18924,19247,0,0,4,3
3,9384,18933,19246,0,0,4,4
3,9401,18943,19245,0,0,4,4
3,9418,18952,19244,0,0,4,4
3,9435,18962,19243,0,0,4,5
3,9452,18971,19242,0,0,4,5
3,9469,18981,19241,0,0,4,5
3,9486,18990,19240,0,0,4,0
3,9503,19000,19239,0,0,4,0
3,9520,19009,19238,0,0,4,0
3,9537,19018,19237,0,0,4,1
3,9554,19028,19236,0,0,4,1
3,9571,19037,19235,0,0,4,1
3,9588,19047,19233,0,0,4,2
3,9605,19056,19232,0,0,4,2
3,9622,19066,19231,0,0,4,2
3,9639,19075,19230,0,0,4,3
3,9656,19085,19229,0,0,4,3
3,9673,19094,19228,0,0,4,3
3,9690,19103,19227,0,0,4,4
3,9707,19113,19226,0,0,4,4
3,9724,19122,19225,0,0,4,4
3,9741,19132,19224,0,0,4,5
3,9758,19141,19223,0,0,4,5
3,9775,19151,19222,0,0,4,5
3,9792,19160,19221,0,0,4,0
3,9809,19170,19220,0,0,4,0
3,9826,19179,19219,0,0,4,0
3,9843,19188,19218,0,0,4,1
3,9860,19198,19217,0,0,4,1
3,9877,19207,19216,0,0,4,1
3,9894,19217,19215,0,0,4,2
3,9911,19226,19214,0,0,4,2
3,9928,19236,19213,0,0,4,2
3,9945,19245,19212,0,0,4,3
3,9962,19255,19211,0,0,4,3
3,9979,19264,19210,0,0,4,3
3,9996,19273,19209,0,0,4,4
3,10013,19283,19208,0,1,4,4
4,0,13824,19808,0,0,4,0
4,17,13836,19808,0,0,4,0
4,34,13848,19808,0,0,4,0
4,51,13860,19808,0,0,4,1
4,68,13873,19808,0,0,4,1
4,85,13885,19808,0,0,4,1
4,102,13897,19808,0,0,4,2
4,119,13909,19808,0,0,4,2
4,136,13921,19808,0,0,4,2
4,153,13933,19808,0,0,4,0
4,170,13945,19808,0,0,4,0
4,187,13958,19808,0,0,4,0
4,204,14256,19840,1,0,4,0
5,0,13824,19808,0,0,5,0
5,17,13833,19811,0,0,5,0
5,34,13843,19814,0,0,5,0
5,51,13852,19817,0,0,5,1
5,68,13862,19821,0,0,5,1
5,85,13871,19824,0,0,5,1
5,102,13881,19827,0,0,5,2
5,119,13890,19830,0,0,5,2
5,136,13900,19833,0,0,5,2
5,153,13909,19836,0,0,5,0
5,170,13918,19840,0,0,5,0
5,187,13928,19843,0,0,5,0
5,204,13937,19846,0,0,5,1
5,221,13947,19849,0,0,5,1
5,238,13956,19852,0,0,5,1
5,255,13966,19855,0,0,5,2
5,272,13975,19858,0,0,5,2
5,289,13985,19862,0,0,5,2
5,306,13994,19865,0,0,5,0
5,323,14003,19868,1,0,5,0
6,0,13824,19808,0,0,4,0
6,17,13833,19807,0,0,4,0
6,34,13843,19806,0,0,4,0
6,51,13852,19805,0,0,4,1
6,68,13862,19804,0,0,4,1
6,85,13871,19803,0,0,4,1
6,102,13881,19802,0,0,4,2
6,119,13890,19801,0,0,4,2
6,136,13900,19800,0,0,4,2
6,153,13909,19798,0,0,4,3
6,170,13918,19797,0,0,4,3
6,187,13928,19796,0,0,4,3
6,204,13937,19795,0,0,4,4
6,221,13947,19794,0,0,4,4
6,238,13956,19793,0,0,4,4
6,255,13966,19792,0,0,4,5
6,272,13975,19791,0,0,4,5
6,289,13985,19790,0,0,4,5
6,306,13994,19789,0,0,4,0
6,323,14003,19788,0,0,4,0
6,340,14013,19787,0,0,4,0
6,357,14022,19786,0,0,4,1
6,374,14032,19785,0,0,4,1
6,391,14041,19784,0,0,4,1
6,408,14051,19783,0,0,4,2
6,425,14060,19782,0,0,4,2
6,442,14070,19780,0,0,4,2
6,459,14079,19779,0,0,4,3
6,476,14088,19778,0,0,4,3
6,493,14098,19777,0,0,4,3
6,510,14107,19776,0,0,4,4
6,527,14117,19775,0,0,4,4
6,544,14126,19774,0,0,4,4
6,561,14136,19773,0,0,4,5
6,578,14145,19772,0,0,4,5
6,595,14155,19771,0,0,4,5
6,612,14164,19770,0,0,4,0
6,629,14173,19769,0,0,4,0
6,646,14183,19768,0,0,4,0
6,663,14192,19767,0,0,4,1
6,680,14202,19766,0,0,4,1
6,697,14211,19765,0,0,4,1
6,714,14221,19764,0,0,4,2
6,731,14230,19763,0,0,4,2
6,748,14240,19761,0,0,4,2
6,765,14249,19760,0,0,4,3
6,782,14258,19759,0,0,4,3
6,799,14268,19758,0,0,4,3
6,816,14277,19757,0,0,4,4
6,833,14287,19756,0,0,4,4
6,850,14296,19755,0,0,4,4
6,867,14306,19754,0,0,4,5
6,884,14315,19753,0,0,4,5
6,901,14325,19752,0,0,4,5
6,918,14334,19751,0,0,4,0
6,935,14343,19750,0,0,4,0
6,952,14353,19749,0,0,4,0
6,969,14362,19748,0,0,4,1
6,986,14372,19747,0,0,4,1
6,1003,14381,19746,0,0,4,1
6,1020,14391,19745,0,0,4,2
6,1037,14400,19743,0,0,4,2
6,1054,14410,19742,0,0,4,2
6,1071,14419,19741,0,0,4,3
6,1088,14428,19740,0,0,4,3
6,1105,14438,19739,0,0,4,3
6,1122,14447,19738,0,0,4,4
6,1139,14457,19737,0,0,4,4
6,1156,14466,19736,0,0,4,4
6,1173,14476,19735,0,0,4,5
6,1190,14485,19734,0,0,4,5
6,1207,14495,19733,0,0,4,5
6,1224,14504,19732,0,0,4,0
6,1241,14513,19731,0,0,4,0
6,1258,14523,19730,0,0,4,0
6,1275,14532,19729,0,0,4,1
6,1292,14542,19728,0,0,4,1
6,1309,14551,19727,0,0,4,1
6,1326,14561,19725,0,0,4,2
6,1343,14570,19724,0,0,4,2
6,1360,14580,19723,0,0,4,2
6,1377,14589,19722,0,0,4,3
6,1394,14598,19721,0,0,4,3
6,1411,14608,19720,0,0,4,3
6,1428,14617,19719,0,0,4,4
6,1445,14627,19718,0,0,4,4
6,1462,14636,19717,0,0,4,4
6,1479,14646,19716,0,0,4,5
6,1496,14655,19715,0,0,4,5
6,1513,14665,19714,0,0,4,5
6,1530,14674,19713,0,0,4,0
6,1547,14683,19712,0,0,4,0
6,1564,14693,19711,0,0,4,0
6,1581,14702,19710,0,0,4,1
6,1598,14712,19709,0,0,4,1
6,1615,14721,19708,0,0,4,1
6,1632,14731,19706,0,0,4,2
6,1649,14740,19705,0,0,4,2
6,1666,14750,19704,0,0,4,2
6,1683,14759,19703,0,0,4,3
6,1700,14768,19702,0,0,4,3
6,1717,14778,19701,0,0,4,3
6,1734,14787,19700,0,0,4,4
6,1751,14797,19699,0,0,4,4
6,1768,14806,19698,0,0,4,4
6,1785,14816,19697,0,0,4,5
6,1802,14825,19696,0,0,4,5
6,1819,14835,19695,0,0,4,5
6,1836,14844,19694,0,0,4,0
6,1853,14853,19693,0,0,4,0
6,1870,14863,19692,0,0,4,0
6,1887,14872,19691,0,0,4,1
6,1904,14882,19690,0,0,4,1
6,1921,14891,19688,0,0,4,1
6,1938,14901,19687,0,0,4,2
6,1955,14910,19686,0,0,4,2
6,1972,14920,19685,0,0,4,2
6,1989,14929,19684,0,0,4,3
6,2006,14938,19683,0,0,4,3
6,2023,14948,19682,0,0,4,3
6,2040,14957,19681,0,0,4,4
6,2057,14967,19680,0,0,4,4
6,2074,14976,19679,0,0,4,4
6,2091,14986,19678,0,0,4,5
6,2108,14995,19677,0,0,4,5
6,2125,15005,19676,0,0,4,5
6,2142,15014,19675,0,0,4,0
6,2159,15023,19674,0,0,4,0
6,2176,15033,19673,0,0,4,0
6,2193,15042,19672,0,0,4,1
6,2210,15052,19670,0,0,4,1
6,2227,15061,19669,0,0,4,1
6,2244,15071,19668,0,0,4,2
6,2261,15080,19667,0,0,4,2
6,2278,15090,19666,0,0,4,2
6,2295,15099,19665,0,0,4,3
6,2312,15108,19664,0,0,4,3
6,2329,15118,19663,0,0,4,3
6,2346,15127,19662,0,0,4,4
6,2363,15137,19661,0,0,4,4
6,2380,15146,19660,0,0,4,4
6,2397,15156,19659,0,0,4,5
6,2414,15165,19658,0,0,4,5
6,2431,15175,19657,0,0,4,5
6,2448,15184,19656,0,0,4,0
6,2465,15193,19655,0,0,4,0
6,2482,15203,19654,0,0,4,0
6,2499,15212,19653,0,0,4,1
6,2516,15222,19651,0,0,4,1
6,2533,15231,19650,0,0,4,1
6,2550,15241,19649,0,0,4,2
6,2567,15250,19648,0,0,4,2
6,2584,15260,19647,0,0,4,2
6,2601,15269,19646,0,0,4,3
6,2618,15278,19645,0,0,4,3
6,2635,15288,19644,0,0,4,3
6,2652,15297,19643,0,0,4,4
6,2669,15307,19642,0,0,4,4
6,2686,15316,19641,0,0,4,4
6,2703,15326,19640,0,0,4,5
6,2720,15335,19639,0,0,4,5
6,2737,15345,19638,0,0,4,5
6,2754,15354,19637,0,0,4,0
6,2771,15363,19636,0,0,4,0
6,2788,15373,19635,0,0,4,0
6,2805,15382,19633,0,0,4,1
6,2822,15392,19632,0,0,4,1
6,2839,15401,19631,0,0,4,1
6,2856,15411,19630,0,0,4,2
6,2873,15420,19629,0,0,4,2
6,2890,15430,19628,0,0,4,2
6,2907,15439,19627,0,0,4,3
6,2924,15448,19626,0,0,4,3
6,2941,15458,19625,0,0,4,3
6,2958,15467,19624,0,0,4,4
6,2975,15477,19623,0,0,4,4
6,2992,15486,19622,0,0,4,4
6,3009,15496,19621,0,0,4,5
6,3026,15505,19620,0,0,4,5
6,3043,15515,19619,0,0,4,5
6,3060,15524,19618,0,0,4,0
6,3077,15533,19617,0,0,4,0
6,3094,15543,19615,0,0,4,0
6,3111,15552,19614,0,0,4,1
6,3128,15562,19613,0,0,4,1
6,3145,15571,19612,0,0,4,1
6,3162,15581,19611,0,0,4,2
6,3179,15590,19610,0,0,4,2
6,3196,15600,19609,0,0,4,2
6,3213,15609,19608,0,0,4,3
6,3230,15618,19607,0,0,4,3
6,3247,15628,19606,0,0,4,3
6,3264,15637,19605,0,0,4,4
6,3281,15647,19604,0,0,4,4
6,3298,15656,19603,0,0,4,4
6,3315,15666,19602,0,0,4,5
6,3332,15675,19601,0,0,4,5
6,3349,15685,19600,0,0,4,5
6,3366,15694,19599,0,0,4,0
6,3383,15703,19598,0,0,4,0
6,3400,15713,19596,0,0,4,0
6,3417,15722,19595,0,0,4,1
6,3434,15732,19594,0,0,4,1
6,3451,15741,19593,0,0,4,1
6,3468,15751,19592,0,0,4,2
6,3485,15760,19591,0,0,4,2
6,3502,15770,19590,0,0,4,2
6,3519,15779,19589,0,0,4,3
6,3536,15788,19588,0,0,4,3
6,3553,15798,19587,0,0,4,3
6,3570,15807,19586,0,0,4,4
6,3587,15817,19585,0,0,4,4
6,3604,15826,19584,0,0,4,4
6,3621,15836,19583,0,0,4,5
6,3638,15845,19582,0,0,4,5
6,3655,15855,19581,0,0,4,5
6,3672,15864,19580,0,0,4,0
6,3689,15873,19578,0,0,4,0
6,3706,15883,19577,0,0,4,0
6,3723,15892,19576,0,0,4,1
6,3740,15902,19575,0,0,4,1
6,3757,15911,19574,0,0,4,1
6,3774,15921,19573,0,0,4,2
6,3791,15930,19572,0,0,4,2
6,3808,15940,19571,0,0,4,2
6,3825,15949,19570,0,0,4,3
6,3842,15958,19569,0,0,4,3
6,3859,15968,19568,0,0,4,3
6,3876,15977,19567,0,0,4,4
6,3893,15987,19566,0,0,4,4
6,3910,15996,19565,0,0,4,4
6,3927,16006,19564,0,0,4,5
6,3944,16015,19563,0,0,4,5
6,3961,16025,19562,0,0,4,5
6,3978,16034,19560,0,0,4,0
6,3995,16043,19559,0,0,4,0
6,4012,16053,19558,0,0,4,0
6,4029,16062,19557,0,0,4,1
6,4046,16072,19556,0,0,4,1
6,4063,16081,19555,0,0,4,1
6,4080,16091,19554,0,0,4,2
6,4097,16100,19553,0,0,4,2
6,4114,16110,19552,0,0,4,2
6,4131,16119,19551,0,0,4,3
6,4148,16128,19550,0,0,4,3
6,4165,16138,19549,0,0,4,3
6,4182,16147,19548,0,0,4,4
6,4199,16157,19547,0,0,4,4
6,4216,16166,19546,0,0,4,4
6,4233,16176,19545,0,0,4,5
6,4250,16185,19544,0,0,4,5
6,4267,16195,19542,0,0,4,5
6,4284,16204,19541,0,0,4,0
6,4301,16213,19540,0,0,4,0
6,4318,16223,19539,0,0,4,0
6,4335,16232,19538,0,0,4,1
6,4352,16242,19537,0,0,4,1
6,4369,16251,19536,0,0,4,1
6,4386,16261,19535,0,0,4,2
6,4403,16270,19534,0,0,4,2
6,4420,16280,19533,0,0,4,2
6,4437,16289,19532,0,0,4,3
6,4454,16298,19531,0,0,4,3
6,4471,16308,19530,0,0,4,3
6,4488,16317,19529,0,0,4,4
6,4505,16327,19528,0,0,4,4
6,4522,16336,19527,0,0,4,4
6,4539,16346,19526,0,0,4,5
6,4556,16355,19525,0,0,4,5
6,4573,16365,19523,0,0,4,5
6,4590,16374,19522,0,0,4,0
6,4607,16383,19521,0,0,4,0
6,4624,16393,19520,0,0,4,0
6,4641,16402,19519,0,0,4,1
6,4658,16412,19518,0,0,4,1
6,4675,16421,19517,0,0,4,1
6,4692,16431,19516,0,0,4,2
6,4709,16440,19515,0,0,4,2
6,4726,16450,19514,0,0,4,2
6,4743,16459,19513,0,0,4,3
6,4760,16468,19512,0,0,4,3
6,4777,16478,19511,0,0,4,3
6,4794,16487,19510,0,0,4,4
6,4811,16497,19509,0,0,4,4
6,4828,16506,19508,0,0,4,4
6,4845,16516,19507,0,0,4,5
6,4862,16525,19505,0,0,4,5
6,4879,16535,19504,0,0,4,5
6,4896,16544,19503,0,0,4,0
6,4913,16553,19502,0,0,4,0
6,4930,16563,19501,0,0,4,0
6,4947,16572,19500,0,0,4,1
6,4964,16582,19499,0,0,4,1
6,4981,16591,19498,0,0,4,1
6,4998,16601,19497,0,0,4,2
6,5015,16610,19496,0,0,4,2
6,5032,16620,19495,0,0,4,2
6,5049,16629,19494,0,0,4,3
6,5066,16638,19493,0,0,4,3
6,5083,16648,19492,0,0,4,3
6,5100,16657,19491,0,0,4,4
6,5117,16667,19490,0,0,4,4
6,5134,16676,19489,0,0,4,4
6,5151,16686,19487,0,0,4,5
6,5168,16695,19486,0,0,4,5
6,5185,16705,19485,0,0,4,5
6,5202,16714,19484,0,0,4,0
6,5219,16723,19483,0,0,4,0
6,5236,16733,19482,0,0,4,0
6,5253,16742,19481,0,0,4,1
6,5270,16752,19480,0,0,4,1
6,5287,16761,19479,0,0,4,1
6,5304,16771,19478,0,0,4,2
6,5321,16780,19477,0,0,4,2
6,5338,16790,19476,0,0,4,2
6,5355,16799,19475,0,0,4,3
6,5372,16808,19474,0,0,4,3
6,5389,16818,19473,0,0,4,3
6,5406,16827,19472,0,0,4,4
6,5423,16837,19471,0,0,4,4
6,5440,16846,19470,0,0,4,4
6,5457,16856,19468,0,0,4,5
6,5474,16865,19467,0,0,4,5
6,5491,16875,19466,0,0,4,5
6,5508,16884,19465,0,0,4,0
6,5525,16893,19464,0,0,4,0
6,5542,16903,19463,0,0,4,0
6,5559,16912,19462,0,0,4,1
6,5576,16922,19461,0,0,4,1
6,5593,16931,19460,0,0,4,1
6,5610,16941,19459,0,0,4,2
6,5627,16950,19458,0,0,4,2
6,5644,16960,19457,0,0,4,2
6,5661,16969,19456,0,0,4,3
6,5678,16978,19455,0,0,4,3
6,5695,16988,19454,0,0,4,3
6,5712,16997,19453,0,0,4,4
6,5729,17007,19452,0,0,4,4
6,5746,17016,19450,0,0,4,4
6,5763,17026,19449,0,0,4,5
6,5780,17035,19448,0,0,4,5
6,5797,17045,19447,0,0,4,5
6,5814,17054,19446,0,0,4,0
6,5831,17063,19445,0,0,4,0
6,5848,17073,19444,0,0,4,0
6,5865,17082,19443,0,0,4,1
6,5882,17092,19442,0,0,4,1
6,5899,17101,19441,0,0,4,1
6,5916,17111,19440,0,0,4,2
6,5933,17120,19439,0,0,4,2
6,5950,17130,19438,0,0,4,2
6,5967,17139,19437,0,0,4,3
6,5984,17148,19436,0,0,4,3
6,6001,17158,19435,0,0,4,3
6,6018,17167,19434,0,0,4,4
6,6035,17177,19432,0,0,4,4
6,6052,17186,19431,0,0,4,4
6,6069,17196,19430,0,0,4,5
6,6086,17205,19429,0,0,4,5
6,6103,17215,19428,0,0,4,5
6,6120,17224,19427,0,0,4,0
6,6137,17233,19426,0,0,4,0
6,6154,17243,19425,0,0,4,0
6,6171,17252,19424,0,0,4,1
6,6188,17262,19423,0,0,4,1
6,6205,17271,19422,0,0,4,1
6,6222,17281,19421,0,0,4,2
6,6239,17290,19420,0,0,4,2
6,6256,17300,19419,0,0,4,2
6,6273,17309,19418,0,0,4,3
6,6290,17318,19417,0,0,4,3
6,6307,17328,19416,0,0,4,3
6,6324,17337,19415,0,0,4,4
6,6341,17347,19413,0,0,4,4
6,6358,17356,19412,0,0,4,4
6,6375,17366,19411,0,0,4,5
6,6392,17375,19410,0,0,4,5
6,6409,17385,19409,0,0,4,5
6,6426,17394,19408,0,0,4,0
6,6443,17403,19407,0,0,4,0
6,6460,17413,19406,0,0,4,0
6,6477,17422,19405,0,0,4,1
6,6494,17432,19404,0,0,4,1
6,6511,17441,19403,0,0,4,1
6,6528,17451,19402,0,0,4,2
6,6545,17460,19401,0,0,4,2
6,6562,17470,19400,0,0,4,2
6,6579,17479,19399,0,0,4,3
6,6596,17488,19398,0,0,4,3
6,6613,17498,19397,0,0,4,3
6,6630,17507,19395,0,0,4,4
6,6647,17517,19394,0,0,4,4
6,6664,17526,19393,0,0,4,4
6,6681,17536,19392,0,0,4,5
6,6698,17545,19391,0,0,4,5
6,6715,17555,19390,0,0,4,5
6,6732,17564,19389,0,0,4,0
6,6749,17573,19388,0,0,4,0
6,6766,17583,19387,0,0,4,0
6,6783,17592,19386,0,0,4,1
6,6800,17602,19385,0,0,4,1
6,6817,17611,19384,0,0,4,1
6,6834,17621,19383,0,0,4,2
6,6851,17630,19382,0,0,4,2
6,6868,17640,19381,0,0,4,2
6,6885,17649,19380,0,0,4,3
6,6902,17658,19379,0,0,4,3
6,6919,17668,19377,0,0,4,3
6,6936,17677,19376,0,0,4,4
6,6953,17687,19375,0,0,4,4
6,6970,17696,19374,0,0,4,4
6,6987,17706,19373,0,0,4,5
6,7004,17715,19372,0,0,4,5
6,7021,17725,19371,0,0,4,5
6,7038,17734,19370,0,0,4,0
6,7055,17743,19369,0,0,4,0
6,7072,17753,19368,0,0,4,0
6,7089,17762,19367,0,0,4,1
6,7106,17772,19366,0,0,4,1
6,7123,17781,19365,0,0,4,1
6,7140,17791,19364,0,0,4,2
6,7157,17800,19363,0,0,4,2
6,7174,17810,19362,0,0,4,2
6,7191,17819,19361,0,0,4,3
6,7208,17828,19360,0,0,4,3
6,7225,17838,19358,0,0,4,3
6,7242,17847,19357,0,0,4,4
6,7259,17857,19356,0,0,4,4
6,7276,17866,19355,0,0,4,4
6,7293,17876,19354,0,0,4,5
6,7310,17885,19353,0,0,4,5
6,7327,17895,19352,0,0,4,5
6,7344,17904,19351,0,0,4,0
6,7361,17913,19350,0,0,4,0
6,7378,17923,19349,0,0,4,0
6,7395,17932,19348,0,0,4,1
6,7412,17942,19347,0,0,4,1
6,7429,17951,19346,0,0,4,1
6,7446,17961,19345,0,0,4,2
6,7463,17970,19344,0,0,4,2
6,7480,17980,19343,0,0,4,2
6,7497,17989,19342,0,0,4,3
6,7514,17998,19340,0,0,4,3
6,7531,18008,19339,0,0,4,3
6,7548,18017,19338,0,0,4,4
6,7565,18027,19337,0,0,4,4
6,7582,18036,19336,0,0,4,4
6,7599,18046,19335,0,0,4,5
6,7616,18055,19334,0,0,4,5
6,7633,18065,19333,0,0,4,5
6,7650,18074,19332,0,0,4,0
6,7667,18083,19331,0,0,4,0
6,7684,18093,19330,0,0,4,0
6,7701,18102,19329,0,0,4,1
6,7718,18112,19328,0,0,4,1
6,7735,18121,19327,0,0,4,1
6,7752,18131,19326,0,0,4,2
6,7769,18140,19325,0,0,4,2
6,7786,18150,19324,0,0,4,2
6,7803,18159,19322,0,0,4,3
6,7820,18168,19321,0,0,4,3
6,7837,18178,19320,0,0,4,3
6,7854,18187,19319,0,0,4,4
6,7871,18197,19318,0,0,4,4
6,7888,18206,19317,0,0,4,4
6,7905,18216,19316,0,0,4,5
6,7922,18225,19315,0,0,4,5
6,7939,18235,19314,0,0,4,5
6,7956,18244,19313,0,0,4,0
6,7973,18253,19312,0,0,4,0
6,7990,18263,19311,0,0,4,0
6,8007,18272,19310,0,0,4,1
6,8024,18282,19309,0,0,4,1
6,8041,18291,19308,0,0,4,1
6,8058,18301,19307,0,0,4,2
6,8075,18310,19306,0,0,4,2
6,8092,18320,19304,0,0,4,2
6,8109,18329,19303,0,0,4,3
6,8126,18338,19302,0,0,4,3
6,8143,18348,19301,0,0,4,3
6,8160,18357,19300,0,0,4,4
6,8177,18367,19299,0,0,4,4
6,8194,18376,19298,0,0,4,4
6,8211,18386,19297,0,0,4,5
6,8228,18395,19296,0,0,4,5
6,8245,18405,19295,0,0,4,5
6,8262,18414,19294,0,0,4,0
6,8279,18423,19293,0,0,4,0
6,8296,18433,19292,0,0,4,0
6,8313,18442,19291,0,0,4,1
6,8330,18452,19290,0,0,4,1
6,8347,18461,19289,0,0,4,1
6,8364,18471,19288,0,0,4,2
6,8381,18480,19287,0,0,4,2
6,8398,18490,19285,0,0,4,2
6,8415,18499,19284,0,0,4,3
6,8432,18508,19283,0,0,4,3
6,8449,18518,19282,0,0,4,3
6,8466,18527,19281,0,0,4,4
6,8483,18537,19280,0,0,4,4
6,8500,18546,19279,0,0,4,4
6,8517,18556,19278,0,0,4,5
6,8534,18565,19277,0,0,4,5
6,8551,18575,19276,0,0,4,5
6,8568,18584,19275,0,0,4,0
6,8585,18593,19274,0,0,4,0
6,8602,18603,19273,0,0,4,0
6,8619,18612,19272,0,0,4,1
6,8636,18622,19271,0,0,4,1
6,8653,18631,19270,0,0,4,1
6,8670,18641,19269,0,0,4,2
6,8687,18650,19267,0,0,4,2
6,8704,18660,19266,0,0,4,2
6,8721,18669,19265,0,0,4,3
6,8738,18678,19264,0,0,4,3
6,8755,18688,19263,0,0,4,3
6,8772,18697,19262,0,0,4,4
6,8789,18707,19261,0,0,4,4
6,8806,18716,19260,0,0,4,4
6,8823,18726,19259,0,0,4,5
6,8840,18735,19258,0,0,4,5
6,8857,18745,19257,0,0,4,5
6,8874,18754,19256,0,0,4,0
6,8891,18763,19255,0,0,4,0
6,8908,18773,19254,0,0,4,0
6,8925,18782,19253,0,0,4,1
6,8942,18792,19252,0,0,4,1
6,8959,18801,19251,0,0,4,1
6,8976,18811,19249,0,0,4,2
6,8993,18820,19248,0,0,4,2
6,9010,18830,19247,0,0,4,2
6,9027,18839,19246,0,0,4,3
6,9044,18848,19245,0,0,4,3
6,9061,18858,19244,0,0,4,3
6,9078,18867,19243,0,0,4,4
6,9095,18877,19242,0,0,4,4
6,9112,18886,19241,0,0,4,4
6,9129,18896,19240,0,0,4,5
6,9146,18905,19239,0,0,4,5
6,9163,18915,19238,0,0,4,5
6,9180,18924,19237,0,0,4,0
6,9197,18933,19236,0,0,4,0
6,9214,18943,19235,0,0,4,0
6,9231,18952,19234,0,0,4,1
6,9248,18962,19233,0,0,4,1
6,9265,18971,19232,0,0,4,1
6,9282,18981,19230,0,0,4,2
6,9299,18990,19229,0,0,4,2
6,9316,19000,19228,0,0,4,2
6,9333,19009,19227,0,0,4,3
6,9350,19018,19226,0,0,4,3
6,9367,19028,19225,0,0,4,3
6,9384,19037,19224,0,0,4,4
6,9401,19047,19223,0,0,4,4
6,9418,19056,19222,0,0,4,4
6,9435,19066,19221,0,0,4,5
6,9452,19075,19220,0,0,4,5
6,9469,19085,19219,0,0,4,5
6,9486,19094,19218,0,0,4,0
6,9503,19103,19217,0,0,4,0
6,9520,19113,19216,0,0,4,0
6,9537,19122,19215,0,0,4,1
6,9554,19132,19214,0,0,4,1
6,9571,19141,19212,0,0,4,1
6,9588,19151,19211,0,0,4,2
6,9605,19160,19210,0,0,4,2
6,9622,19170,19209,0,0,4,2
6,9639,19179,19208,0,0,4,3
6,9656,19188,19207,0,0,4,3
6,9673,19198,19206,0,0,4,3
6,9690,19207,19205,0,0,4,4
6,9707,19217,19204,0,0,4,4
6,9724,19226,19203,0,0,4,4
6,9741,19236,19202,0,0,4,5
6,9758,19245,19201,0,0,4,5
6,9775,19255,19200,0,0,4,5
6,9792,19264,19199,0,0,4,0
6,9809,19273,19198,0,0,4,0
6,9826,19283,19197,0,0,4,0
6,9843,19292,19196,0,0,4,1
6,9860,19302,19194,0,0,4,1
6,9877,19311,19193,0,0,4,1
6,9894,19321,19192,0,0,4,2
6,9911,19330,19191,0,0,4,2
6,9928,19340,19190,0,0,4,2
6,9945,19349,19189,0,0,4,3
6,9962,19358,19188,0,0,4,3
6,9979,19368,19187,0,0,4,3
6,9996,19377,19186,0,0,4,4
6,10013,19387,19185,0,1,4,4
7,0,13824,19808,0,0,0,0
7,17,13824,19796,0,0,0,0
7,34,13824,19784,0,0,0,0
7,51,13824,19772,0,0,0,1
7,68,13824,19759,0,0,0,1
7,85,13824,19747,0,0,0,1
7,102,13824,19735,0,0,0,2
7,119,13823,19723,0,0,0,2
7,136,13823,19711,0,0,0,2
7,153,13822,19699,0,0,0,3
7,170,13821,19687,0,0,0,3
7,187,13820,19674,0,0,0,3
7,204,13819,19662,0,0,0,4
7,221,13818,19650,0,0,0,4
7,238,13817,19638,0,0,0,4
7,255,13816,19626,0,0,0,5
7,272,13816,19614,0,0,0,5
7,289,13816,19602,0,0,0,5
7,306,13815,19589,0,0,0,0
7,323,13815,19577,0,0,0,0
7,340,13815,19565,0,0,0,0
7,357,13815,19553,0,0,0,1
7,374,13815,19541,0,0,0,1
7,391,13815,19529,0,0,0,1
7,408,13815,19517,0,0,0,2
7,425,13816,19504,0,0,0,2
7,442,13816,19492,0,0,0,2
7,459,13817,19480,0,0,0,3
7,476,13824,19456,1,0,0,0
8,0,0,0,0,0,13,0
8,17,-12,-3,0,0,13,0
8,34,-24,-6,0,0,13,0
8,51,-36,-10,0,0,13,1
8,68,-49,-13,0,0,13,1
8,85,-61,-16,0,0,13,1
8,102,-73,-19,0,0,13,2
8,119,-85,-23,0,0,13,2
8,136,-97,-26,0,0,13,2
8,153,-109,-29,0,0,13,3
8,170,-121,-32,0,0,13,3
8,187,-134,-36,0,0,13,3
8,204,-146,-39,0,0,13,4
8,221,-158,-42,0,0,13,4
8,238,-170,-45,0,0,13,4
8,255,-182,-49,0,0,13,5
8,272,-194,-52,0,0,13,5
8,289,-206,-55,0,0,13,5
8,306,-219,-58,0,0,13,0
8,323,-231,-62,0,0,13,0
8,340,-243,-65,0,0,13,0
8,357,-255,-68,0,0,13,1
8,374,-267,-71,0,0,13,1
8,391,-279,-75,0,0,13,1
8,408,-291,-78,0,0,13,2
8,425,-304,-81,0,0,13,2
8,442,-316,-84,0,0,13,2
8,459,-328,-87,0,0,13,3
8,476,-340,-91,0,0,13,3
8,493,-352,-94,0,0,13,3
8,510,-364,-97,0,0,13,4
8,527,-376,-100,0,0,13,4
8,544,-389,-104,0,0,13,4
8,561,-401,-107,0,0,13,5
8,578,-413,-110,0,0,13,5
8,595,-425,-113,0,0,13,5
8,612,-437,-117,0,0,13,0
8,629,-449,-120,0,0,13,0
8,646,-461,-123,0,0,13,0
8,663,-480,-128,1,0,13,0
